date,obs_gdp,obs_hours,obs_wages,obs_gdpdeflator,obs_corepce,obs_nominalrate,obs_consumption,obs_investment,obs_BBBspread,obs_longinflation,obs_longrate,obs_tfp,obs_gdi,obs_AAAspread,obs_nominalrate1,obs_nominalrate2,obs_nominalrate3,obs_nominalrate4,obs_nominalrate5,obs_nominalrate6
1959-09-30,-0.3019596426188764,,0.20244709663721494,0.3840648486026055,0.6691364715021297,0.8925,0.8782569833424514,0.6094130118428187,0.22999999999999998,,,-0.9752722045510155,-1.1971738117916741,0.0674999999999999,,,,,,
1959-12-31,-0.08284153208439893,,0.5674928692439907,0.3886565893124416,0.570841626620533,0.9975,-0.07608240264886934,-1.7475151615535034,0.25749999999999984,,,-0.33225349566055934,0.31318498161678754,0.08250000000000002,,,,,,
1960-03-31,1.847835735033887,,1.709846293520012,0.4052629166765076,0.31638179660089527,0.9825,0.3030445577898222,2.6508575827931757,0.25749999999999984,,,2.9875994455159116,1.8248481308365427,0.0674999999999999,,,,,,
1960-06-30,-0.9050634433461768,,0.4122574676737156,0.24718910485437284,0.3795070968551695,0.925,1.1456656703139334,-2.275814524740316,0.27249999999999996,,,-3.0484527203611314,-0.3813334723831163,0.07250000000000001,,,,,,
1960-09-30,0.11659586682388756,,0.2398311567463618,0.34864185350871324,0.38968264044156875,0.735,-0.746140578793808,-2.9038036402329714,0.3074999999999999,,,-0.5267135899263483,-0.3680903269993152,0.10999999999999988,,,,,,
1960-12-31,-1.6561134151860113,,0.1454952656112396,0.2935979819540968,0.330329760545478,0.575,-0.08967195215736634,-1.0044138421236193,0.29249999999999987,,,-1.765844024708957,-0.9084082135895288,0.09750000000000003,,,,,,
1961-03-31,0.30725416835004626,,0.67044822009108,0.21515666918312526,0.1676446327252279,0.4975,-0.4316505521310132,-1.6248808680589977,0.3024999999999999,,,0.25589510572582563,-0.16221676832814946,0.10499999999999987,,,,,,
1961-06-30,1.3144923737276937,,1.1527157301245428,0.2325651783185556,0.3286915856074657,0.4325,0.8851198909012314,1.1044474102096635,0.3024999999999999,,,3.3174893086243764,1.3052896259474478,0.11750000000000005,,,,,,
1961-09-30,1.5357761454124041,,0.48126376735970755,0.25579265010384766,0.4365815758013092,0.42,0.22833782314146678,1.7131305990255585,0.2775000000000001,,,1.219217092574735,1.2335553020867973,0.1100000000000001,,,,,,
1961-12-31,1.5735520461264585,,0.4044917141816984,0.31438172822317867,0.24045354231558846,0.6,1.3992494714976766,2.4424083672956898,0.27,,,1.281717092574735,1.9731718647314267,0.09499999999999997,,,,,,
1962-03-31,1.3991148459428615,,1.0722996777684402,0.5139273502547503,0.36529720986915315,0.615,0.6219079336595268,1.088845177410258,0.24249999999999994,,,0.29642297492767605,0.8362459216755047,0.08000000000000007,,,,,,
1962-06-30,0.5342486476918262,,0.5060787530604682,0.1589591456554018,0.3866716975159168,0.6525,1.0360118952745356,2.35622112575099,0.26749999999999996,,,-0.07122408389585343,0.7396224569971466,0.08999999999999997,,,,,,
1962-09-30,0.8482156552997333,,0.498774385895695,0.21155323162971307,0.3286308130722837,0.7125,0.4919232753068048,0.1908716326375015,0.25750000000000006,,,1.2927465043394408,0.63380667058337,0.08000000000000007,,,,,,
1962-12-31,-0.046863352299109096,,0.6971619058707579,0.20524856934192037,0.1864986835738769,0.73,1.1075422421459535,-0.9804970094820842,0.25749999999999995,,,0.9103935631629703,0.7897776253360078,0.0824999999999999,,,,,,
1963-03-31,0.7081334098289371,,0.5534601973505415,0.43840491085345157,0.33257266920649897,0.7425,0.17927069194418888,0.5056374306568356,0.23249999999999993,,,0.047115855150477115,0.48477072181172254,0.06000000000000005,,,,,,
1963-06-30,0.7397700202299129,,0.32350458735546095,0.1748252193529698,0.3763309409606119,0.74,0.5378453840002129,3.6602936201551084,0.20750000000000002,,,0.5956233178370444,1.0691000658310745,0.050000000000000044,,,,,,
1963-09-30,1.7950547506783598,,0.8914528805119337,0.13382598802915702,0.3805051874230081,0.8325,1.3218627857559673,1.6165890047864728,0.19500000000000006,,,2.1254740641057013,0.9616211398085106,0.05750000000000011,,,,,,
1963-12-31,0.2800454382481554,,0.32861125268270897,0.8049848015045935,0.48472112066182405,0.8625,0.004082132875193878,2.030459844857513,0.16999999999999993,,,-0.1842274284316124,0.49111796002421215,0.04249999999999998,,,,,,
1964-03-31,1.7060281067298622,-44.645669492133344,-0.4711052674276517,0.31673843751027775,0.4215203135343071,0.865,1.7378129011783816,2.415140843110841,0.15999999999999992,,,1.0956233178370445,1.2714770519063334,0.047499999999999876,,,,,,
1964-06-30,0.7065447695564941,-43.36089620851977,0.8811331961186109,0.22972672634651303,0.2984252007511401,0.8725,1.3513444603435287,0.06722472285193293,0.16249999999999987,,,0.2336830193295816,1.091882079903872,0.05249999999999999,,,,,,
1964-09-30,1.172388247672762,-43.88381543398488,0.9069097889047084,0.4007562471320725,0.27552780972879276,0.865,1.383942867938659,0.9776448579119523,0.16000000000000014,,,1.0620412282848055,1.0298123892704458,0.05750000000000011,,,,,,
1964-12-31,-0.06409813505512396,-43.668887855094226,0.27775514412441416,0.45036133470133244,0.2528168425460997,0.895,-0.20286276792325086,1.0369950777262882,0.15749999999999997,,,-0.6506453388793737,0.5838915627516927,0.0625,,,,,,
1965-03-31,2.0143413688350265,-43.100911702319,-0.10272124413200912,0.5049512870952455,0.3780308569877988,0.995,1.6425719200078515,3.5934670869689045,0.14749999999999996,,,2.150102459016394,1.8297827160666635,0.05499999999999994,,,,,,
1965-06-30,0.8820699694477296,-42.46931846167911,0.21704727893027131,0.45735660310617376,0.31121206631072873,1.02,0.7621756433330296,2.1554796552734623,0.15250000000000008,,,-0.342321783407849,0.8939687856198253,0.05750000000000011,,,,,,
1965-09-30,1.830782180058721,-42.43777415884688,0.6602753672834916,0.3823451382610532,0.3102465408634014,1.02,1.329681017698503,2.123602639047517,0.15999999999999992,,,2.051617610531545,1.0328964744011015,0.0625,,,,,,
1965-12-31,1.9013136798231356,-42.17178943500028,0.7781856561645983,0.6879029391814395,0.3309554603722731,1.0425,2.030516068397148,2.3428198080530205,0.1399999999999999,,,1.6122236711376055,1.7874727548784497,0.050000000000000044,,,,,,
1966-03-31,2.0326963889349514,-41.807461343164206,1.079384375399528,0.6389088096651729,0.4970833663119567,1.14,1.2015130154137355,2.2301302031744963,0.1299999999999999,,,1.9379812468951818,1.795812496901772,0.039999999999999813,,,,,,
1966-06-30,-0.038131997360468795,-41.861785304111734,0.754795628265692,0.8162860393653215,0.8105468569029828,1.2275,-0.1144705468213214,-0.5380844544824348,0.19999999999999996,,,-1.399139965226031,0.28500355620100226,0.0774999999999999,,,,,,
1966-09-30,0.4617206873652524,-42.083640616869886,0.4575507234377718,0.9621240784230434,0.8199385730118802,1.3525,0.5541883519946111,-1.2230830246103719,0.24,,,-0.6506453388793737,0.3051508852684126,0.10250000000000004,,,,,,
1966-12-31,0.43396415586391957,-41.95393680109809,0.5131992355823733,0.8343314191068263,0.86059505299656,1.39,-0.028879804632420125,-2.746866928828895,0.32999999999999985,,,-0.023779667237582576,0.49800022087775897,0.1399999999999999,,,,,,
1967-03-31,0.4905984301909472,-43.246386137386416,0.9253620207167246,0.4145697379706714,0.5504745348203333,1.205,0.04813780663486256,-2.3343882716722275,0.33000000000000007,,,-0.21034683141668709,0.19080530297499454,0.14000000000000012,,,,,,
1967-06-30,-0.3377951284843528,-43.58987967568502,1.107940084535275,0.5091251384365503,0.6669817858475202,0.9975,0.9179244663968689,2.0071440372587013,0.28500000000000014,,,0.1814442133594324,0.1496311517884541,0.10499999999999998,,,,,,
1967-09-30,0.5389715746024315,-43.03567475205426,0.3889069696180858,0.9523121474109608,0.904749612247624,0.9725,0.08272944304377194,0.4691009874211116,0.3075000000000001,,,-0.21407817470026916,0.6427876910911179,0.13000000000000012,,,,,,
1967-12-31,0.33695895407976906,-42.77896568077143,0.2473216197682926,1.1057982195651572,1.0036954394953224,1.0425,-0.06084403796668969,2.6234869214365464,0.29499999999999993,,,-0.057361756789821375,0.5894817456529644,0.12250000000000005,,,,,,
1968-03-31,1.5955430283889571,-43.616102243802466,1.5484573361169374,1.1040628761717741,1.1348789348897714,1.1975,1.9072921212270666,1.745615760843755,0.345,,,1.9351755566430149,1.0493681545472366,0.16999999999999993,,,,,,
1968-06-30,1.230021845170981,-42.926112098700806,0.5674340118090648,1.0458891289514938,1.1570087247123162,1.495,1.0450858067279523,-0.776323906224452,0.38749999999999996,,,0.875474064105701,1.0706004143833159,0.19500000000000006,,,,,,
1968-09-30,0.3276351518541665,-43.16914438150809,0.6364154959192958,0.979249932606896,1.109306675793853,1.4875,1.4643464317966037,0.7241980225144662,0.3975000000000002,,,0.10524650433944074,0.9038717437912069,0.20250000000000012,,,,,,
1968-12-31,-0.06005117126028914,-43.36538722598375,0.5733246554184057,1.4010913604165065,1.1555727668774551,1.48,-0.31081898700302535,2.6070654087205103,0.3500000000000001,,,-0.7256358486017358,0.22212868301902944,0.15250000000000008,,,,,,
1969-03-31,1.0918086415244277,-42.96044018957358,0.3263452806535838,1.0257010856295157,1.089414507422637,1.6425,0.593989004628015,2.4051262413242624,0.3174999999999999,,,-0.4829887897782064,0.5081998601984328,0.14749999999999996,,,,,,
1969-06-30,-0.17284242110979786,-42.86741651469663,0.3442720972442248,1.265060803174256,1.1919434575817789,2.0825,0.18413229580551693,-0.13632487020891482,0.36250000000000004,,,-0.8455541696364932,0.13054044371632045,0.1875,,,,,,
1969-09-30,0.17419143066831344,-42.915457897325254,0.37292890854340177,1.3940723644942032,1.144978443390876,2.245,-0.18927949926206278,0.460545061966966,0.39250000000000007,,,-0.4759889522451889,0.18961906229024716,0.1775,,,,,,
1969-12-31,-0.9839378822609102,-42.87330987484535,0.6448439404571848,1.279703054177439,1.1645713077345743,2.235,0.17648253974298367,-2.726378777252214,0.4149999999999998,,,-1.4763319672131148,-0.7044908941167938,0.18999999999999995,,,,,,
1970-03-31,-0.6573092595029584,-43.65450505456402,0.39608270336345397,1.3998147799664906,1.0867912826919568,2.14,-0.13402222390099805,-1.604466154536266,0.49750000000000005,,,-1.1299033957845432,-1.185631178113633,0.28,,,,,,
1970-06-30,-0.37517698075364425,-45.16205582521833,0.1891891402569179,1.3851218301362156,1.1251490816568843,1.97,-0.3471305657310797,-1.85107366171815,0.4600000000000002,,,0.1465741168321404,-0.4990662404270818,0.2500000000000002,,,,,,
1970-09-30,0.3925210930198153,-45.98448220166741,0.8066754641414153,0.816444028716834,1.1036341608031908,1.6775,0.494950284329021,0.11727421593267229,0.6125,,,1.2381234126067884,0.30294133923036703,0.31500000000000017,,,,,,
1970-12-31,-1.614643354963241,-46.7562174656207,-0.31917312097717865,1.3143672240550686,1.3981243936469934,1.3925,-0.8290415229743608,-0.7199465794581306,0.6749999999999998,,,-1.9691891100702579,-1.480774566007792,0.3325,,,,,,
1971-03-31,2.1376364429330996,-47.47622335711807,0.5326320706827259,1.5074418687705649,1.256270241115054,0.965,0.7878909464219097,1.6886264472007917,0.6099999999999999,,,2.9986680327868855,1.4321089780331864,0.2825,,,,,,
1971-06-30,-0.009443816892207302,-47.44259289145002,0.15208244332630683,1.3044820706725524,1.1367965798928736,1.1425,0.1878399256258323,3.2155011135560185,0.5949999999999998,,,-0.2694672131147541,0.10247076914839948,0.30999999999999983,,,,,,
1971-09-30,0.26839334215815747,-47.573230897498334,0.3535139971524215,1.0131443430404286,0.935412126998969,1.37,0.2071896291321096,1.2970085703957634,0.6174999999999997,,1.559275,0.8827066999287243,0.29244539129653635,0.3324999999999998,,,,,,
1971-12-31,-0.3198837410753663,-46.95808422299982,-0.1498277926571312,0.8300245380037818,0.5690220072418484,1.1875,0.8701497982507966,2.114874860451926,0.6200000000000001,,1.4959,-0.5810614160133047,0.7015062210174117,0.3425,,,,,,
1972-03-31,1.2653444785652557,-46.025373103437936,1.234563208031625,1.5075986172944145,0.9553198649399075,0.8875,0.30355126680159383,3.33942226230316,0.5475000000000001,,1.5278,1.0022719173200285,0.8822698883358182,0.2975000000000001,,,,,,
1972-06-30,1.6861387107403591,-45.77139633956368,0.5436287743617818,0.6204601095609164,0.6738286182054853,1.075,1.2810399982609022,1.2050731895170752,0.5350000000000001,,1.547275,1.8645907578997387,0.7161837020247419,0.30000000000000004,,,,,,
1972-09-30,0.3830841140795904,-45.89965025497298,0.36419089324893905,0.9529101915728422,0.74850335870007,1.185,0.8906949289755328,0.5978941337003774,0.5425,,1.5638,0.5638661202185793,1.0672950321603758,0.3025,,,,,,
1972-12-31,1.1052145664367963,-45.515531310924416,0.6015789471394029,1.2676343540758417,0.6270914879103362,1.2875,1.3120262572814623,3.8698314017508118,0.5175000000000001,,1.565625,1.9769095984794491,1.9858067169569171,0.30499999999999994,,,,,,
1973-03-31,1.8940453426669723,-45.06007684249019,1.4460448714150531,1.145318003083906,0.6931006747119106,1.635,1.3178847193202614,3.1526011988682656,0.27749999999999986,,1.612425,1.813866120218579,1.2189065352976924,0.08999999999999986,,,,,,
1973-06-30,0.5357227568654532,-44.4752590446056,-0.1443608723237788,1.5244507502831794,1.3557314922600483,1.955,-0.21088525735306618,0.45020561855868557,0.28,,1.64595,-0.6100469232596817,-0.0008615172267911753,0.08499999999999996,,,,,,
1973-09-30,-1.072239776213857,-44.66362830676822,-0.2126733243726031,1.9298599215022527,1.3175845867627878,2.64,-0.3078965776464049,-0.6563870827670515,0.2725000000000002,,1.748325,-2.0448295319553336,-0.2233045068044226,0.05249999999999999,,,,,,
1973-12-31,0.407713326903858,-44.14647489130532,0.03309739728922789,1.9709510923926477,1.383389846986649,2.5,-0.7786156255245258,-2.0041206416147372,0.29499999999999993,,1.662225,-0.1834748243559719,0.5092691312736819,0.09750000000000014,,,,,,
1974-03-31,-1.4005260771529526,-44.678591103854956,0.382203559549843,1.8719436550620916,1.7027517766603495,2.3325,-0.3672888601505164,-2.4150849834158103,0.24749999999999983,,1.735325,-3.194189110070258,-1.3331275586245916,0.08750000000000013,,,,,,
1974-06-30,-0.2909518187546478,-45.33723325560425,0.2534423889566484,2.3335646780298536,2.4536404378709076,2.8125,0.28276855984825655,-1.2601247785224978,0.2450000000000001,,1.89625,-1.2620462529274006,-0.9221181015899527,0.06999999999999984,,,,,,
1974-09-30,-1.47350826569691,-45.57940693088981,0.034388601447710165,2.8893995083389523,2.8191916531598693,3.025,-0.321672167793019,-1.3352484742408077,0.3325,,1.9824,-2.033474824355972,-1.0672245317453366,0.12749999999999995,,,,,,
1974-12-31,-0.9082051237273014,-47.48884753422609,-0.17709949565231087,2.8995798058897737,2.411771408005281,2.335,-2.391207371974313,-5.143840819465312,0.6200000000000001,,1.8457,-1.1620462529274005,-1.7174940543571493,0.23249999999999993,,,,,,
1975-03-31,-1.7373091611814995,-50.26629898891707,0.7491941242514399,2.24619327142781,1.936348095294571,1.5775,-0.07465256823937505,-5.305391309965102,0.6975,,1.814925,-0.18975706818721785,-1.6560136469977893,0.21250000000000013,,,,,,
1975-06-30,0.2035447087242348,-50.80369103307726,0.6376836128828778,1.4755511278367273,1.511416659335385,1.355,0.8582461459980539,-0.8498732999169145,0.605,,1.92675,1.4140700337512058,0.3166377274907317,0.1649999999999996,,,,,,
1975-09-30,1.1958652254825175,-50.09054008431667,-0.006254745821254737,1.7503716174275485,1.492333531880341,1.54,1.0079824116179692,1.3148809500888703,0.5425,,1.969225,1.7670112102217939,1.5117505716744084,0.125,,,,,,
1975-12-31,0.8408961860856046,-49.89241175967544,-0.041732046307640935,1.658161312423534,1.615237017139881,1.3525,0.5852752171958464,1.2767805805481869,0.5725000000000002,,1.96505,0.13833473963355833,0.50670625405288,0.13000000000000034,,,,,,
1976-03-31,1.7291498805714123,-48.74272580492041,0.8468095750649718,1.0537025521966115,1.5067016284342927,1.2075,1.5281748160477893,3.423732383630995,0.565,,1.898725,2.024364151398264,1.55971795195885,0.14000000000000012,,,,,,
1976-06-30,0.2461258643006059,-48.47947032784272,0.8639785958493129,1.001086692411679,1.193158518782722,1.3,0.2625056289059513,1.8727695197307437,0.47250000000000014,,1.895925,0.30377591610414667,0.14138930249441017,0.1299999999999999,,,,,,
1976-09-30,0.06350713737238722,-48.31757752254139,0.7916513181778273,1.2856592566650171,1.5539974621107344,1.32,0.7936382462371716,0.7505767269378516,0.4299999999999997,,1.892625,-0.08592996624879458,0.2752526663130195,0.14000000000000012,,,,,,
1976-12-31,0.24740967682336246,-48.894209434110664,0.336520136487789,1.7738407376148846,1.5524534379876442,1.2175,0.6079652101489863,3.9381976088283475,0.41500000000000026,,1.784475,-0.12269467213114751,-0.16198191653333804,0.15749999999999997,,,,,,
1977-03-31,0.7016670054819096,-48.76746714360517,0.275446903065113,1.5993438296328488,1.6662590022333834,1.165,0.8874804579963369,3.389603898364685,0.37249999999999983,,1.805825,0.535921825299731,0.6308869275205797,0.10249999999999981,,,,,,
1977-06-30,1.4606729020076092,-47.24588743964094,0.6099582565511685,1.3994733815354987,1.519032246536911,1.29,0.37260390966848966,5.050959747088957,0.33000000000000007,,1.82465,0.8941307805236116,1.8535067599266486,0.08250000000000002,,,,,,
1977-09-30,1.3262789646462658,-47.172242089720925,0.7166909656120657,1.2105379442332254,1.6507613932351894,1.455,0.7589486894324482,1.7842919262816004,0.3075000000000001,,1.81265,1.5471158551504771,1.3608895380172292,0.08750000000000013,,,,,,
1977-12-31,-0.4531311273319849,-46.305573907993605,-0.42227913044913246,2.136298223457045,1.4421593536400934,1.6275,0.3106391847032208,1.2292638625757857,0.2899999999999998,,1.867425,-1.4603468314166872,0.11980104678456227,0.07999999999999985,,,,,,
1978-03-31,-0.13160294381576731,-46.62349845502301,1.1749860880654606,1.4442878514568491,1.5480322750451858,1.69,0.2857643016482392,0.8715084439363363,0.25249999999999995,,1.96915,-0.8969139955957917,0.14612083998521985,0.06499999999999995,,,,,,
1978-06-30,3.348420257847995,-45.160994059789076,-0.19298026661807577,1.8928907873621448,1.709393554284766,1.82,1.8145386747032477,6.311978520275025,0.26000000000000023,,2.023225,2.6180113775385365,2.5251005437383567,0.06000000000000005,,,,,,
1978-09-30,0.5618536288216514,-45.01487406342745,0.20731314941426215,1.683202519169047,1.7005362413254232,2.0225,0.03696626099691791,2.491551055575039,0.2400000000000002,,2.060675,-0.4094593780135005,0.2854093170733263,0.05250000000000021,,,,,,
1978-12-31,0.901525822598026,-44.69192024821228,0.4309733368988655,2.0282555517262324,1.7809133069165206,2.395,0.21434125131105652,1.7021827793705397,0.25249999999999995,,2.119975,-0.2771064368370299,0.5301141458890379,0.0625,,,,,,
1979-03-31,-0.24485462979827455,-44.24694223478436,0.7336656519644325,1.803985272593911,1.3571359905116598,2.5175,0.15810684465880076,0.7398657949466453,0.2825000000000002,,2.186575,-1.001371142719383,0.36222241108563313,0.06499999999999995,,,,,,
1979-06-30,-0.31311067520399805,-45.10683574407727,-0.14843779111839428,2.4200469296436378,2.1742057246273205,2.545,-0.20462931788383099,-0.8792643846125853,0.3275000000000001,,2.1922,-1.8709164884770733,-0.917722398829135,0.07750000000000012,,,,,,
1979-09-30,0.32647265969882877,-44.55871526607337,0.029038960163690897,2.1642520421815803,1.8297259187155746,2.735,0.8505314684579934,1.5564543474298893,0.3400000000000003,,2.1857,-0.9470034449988122,-0.2920431080019159,0.06499999999999995,,,,,,
1979-12-31,-0.1537110110317652,-44.36316668065297,0.6693660200344731,1.8385284770746857,2.06387048669856,3.395,0.40183478924036287,-1.1555151764221034,0.41000000000000014,1.6,2.499325,-0.9361338797814207,-0.012638591073887984,0.08999999999999986,,,,,,
1980-03-31,-0.08164226356950355,-45.0975195046437,0.6978045424600676,2.0777588335736397,2.417152017942348,3.7675,0.33758976559907783,-1.489034474566839,0.42500000000000027,,2.844575,-0.5799033957845433,-0.4804745545251232,0.0900000000000003,,,,,,
1980-06-30,-2.4715379748195487,-47.25141317587273,0.33025772377737184,2.351966770362468,2.211898986246963,3.1675,-2.599480743207261,-9.013732335404159,0.6949999999999998,1.8375,2.556525,-3.0656176814988294,-2.020409960152114,0.1549999999999998,,,,,,
1980-09-30,-0.4973025491229577,-47.97142304291177,0.31003151723658084,2.2089750780808437,2.2027268464643868,2.455,0.8190512405899408,0.7525905027941648,0.5550000000000002,,2.659375,-0.240617681498829,0.3693779686818166,0.1575000000000002,,,,,,
1980-12-31,1.4748595969230283,-46.88487643098212,0.04848137334650393,2.5728682467917263,2.408143125697615,3.9625,0.8436521830178068,2.86927891170885,0.6099999999999999,1.9375,2.96355,1.4986487289142316,1.9269526319290908,0.1499999999999999,,,,,,
1981-03-31,1.576300087614746,-46.50744825969535,-0.11324610021383741,2.5995382021485547,2.1922971691656468,4.15,-0.06854157849571774,0.5486190381315703,0.6275,,3.09175,1.0500994455159114,0.35226936109483686,0.10499999999999998,,,,,,
1981-06-30,-1.098072194481703,-46.303844658669405,-0.24982078259713214,1.9618617887634304,1.871394291320705,4.4475,-0.6398224232467387,0.6526094281756878,0.5699999999999998,1.825,3.242225,-1.5859299662487945,-0.3126926448893008,0.12250000000000005,,,,,,
1981-09-30,0.8421760566570624,-47.536714074178505,0.35748189819481135,1.8642063156617983,1.8258886908998573,4.3975,-0.121904341258805,-0.5196699624282097,0.4950000000000001,,3.465125,1.3074523866923822,1.0765491081687784,0.10499999999999998,,,,,,
1981-12-31,-1.4368784157708592,-48.566201544429674,-0.07112800225743676,1.7144489527409323,1.7625391472090524,3.3975,-1.2257638555511763,-0.3835504680598234,0.6349999999999998,1.6375,3.3715,-3.074900554484089,-1.3718998076991062,0.11999999999999966,,,,,,
1982-03-31,-1.8986151677408247,-50.12876397504578,1.2499823755831918,1.3664782945431497,1.4543974347192457,3.5525,0.2909804036889785,-3.1334368636082575,0.6900000000000004,,3.405225,-2.100635848601736,-1.12702679937704,0.18500000000000005,,,,,,
1982-06-30,0.12839513719088425,-50.13174778070293,-0.5155152752375547,1.2907129556693597,1.3421583642388768,3.6275,-0.35943882330233823,-3.604761866240519,0.7600000000000002,1.3,3.2939,-0.8837240838958536,0.034920998576903894,0.1924999999999999,,,,,,
1982-09-30,-0.7029479801181959,-50.65538905983743,0.15251870508219412,1.4076717388961324,1.5905159473048158,2.7525,0.5016960844376861,-3.5226497229664364,0.8275000000000001,,3.133925,-1.3322534956605594,-0.7092279161571957,0.20250000000000012,,,,,,
1982-12-31,-0.27570545891449916,-51.973169497742,0.4388809344796074,1.0309058896170065,1.3841482906770342,2.32,1.4897965642751254,-1.0225488731773424,0.9175,1.2875,2.666925,-0.3249005544840887,-0.7550577675281667,0.29000000000000004,,,,,,
1983-03-31,0.9972649025836278,-51.97216104383744,0.24802340204534423,0.7528716249755263,1.3041523422840928,2.165,0.7376860230427829,0.8727762040166509,0.7400000000000002,1.2,2.653775,0.4214229749276761,0.7574232560210614,0.24250000000000016,,,,,,
1983-06-30,1.9443429481285412,-50.898385731515084,0.21310560062056116,0.7393675940401856,0.7610618487535081,2.2,1.8770921177765576,2.370619138628005,0.6099999999999999,,2.638825,1.7560710790310745,1.3609908538335214,0.18999999999999995,,,,,,
1983-09-30,1.675305427264795,-49.54821911729408,-0.5291234103334874,1.0579828705658212,1.5089477068532808,2.365,1.725064243194896,4.120822380271438,0.43500000000000005,,2.881625,0.1739815267922682,1.0728524559650343,0.13750000000000018,,,,,,
1983-12-31,1.765118142297073,-48.31979087013535,0.3815792750411051,0.7552627372136911,0.7954260550824266,2.3575,1.186835420528931,4.585245216629352,0.42749999999999977,1.175,2.88915,1.4202501835086863,2.003275436443519,0.12749999999999995,,,,,,
1984-03-31,1.6394577301987123,-47.28918314358303,0.12618229007485549,1.0065229359613515,1.0064956207365583,2.4225,0.6041173154237134,1.9994006290553008,0.4125000000000001,1.275,2.93985,1.6030860044042088,2.3950166392328054,0.047499999999999876,,,,,,
1984-06-30,1.4178921001497424,-46.55006928846492,0.19362746774446715,0.8523022621300669,1.1628716359731506,2.6375,1.210724230177429,3.171409487165694,0.3724999999999996,,3.227275,0.9341933681073027,1.3233406327932462,0.0,,,,,,
1984-09-30,0.6668592458204614,-46.53619076946589,0.5727741355819493,0.884626969603497,0.9352156988855498,2.8475,0.32944525206228814,1.1875223926813339,0.4700000000000002,,3.1293,-0.217321783407849,0.7567990078247488,0.040000000000000036,,,,,,
1984-12-31,0.5242572258190914,-46.56322647371384,0.05407073133427143,0.7462021613080516,0.7080790336687848,2.315,0.865550080034394,1.0570251033309135,0.4575,1.175,2.88565,-0.4786854197714854,0.7992839252187744,0.14250000000000007,,,,,,
1985-03-31,0.6745356640159406,-46.508446856622776,0.2878453892678434,0.9832701593087023,1.3562731510567971,2.12,1.5815244930684091,-0.02177202843575421,0.4025000000000003,0.9624999999999999,2.873,0.33570851962245407,0.5566777826943037,0.1200000000000001,,,,,,
1985-06-30,0.5871889447560896,-46.633060792701365,0.3087336403608254,0.6416069503708766,0.863072796265385,1.98,0.7913946824560592,0.5395033431570551,0.4674999999999998,,2.716075,-0.7737796672375826,0.4201442437146041,0.1200000000000001,,,,,,
1985-09-30,1.2269956918888547,-46.83968595629613,0.8709402986351866,0.6009875721298741,1.0215311734754984,1.975,1.7740133737232489,-0.8327688726097848,0.4325000000000001,,2.61335,1.166518840225104,0.916505153973235,0.07249999999999979,,,,,,
1985-12-31,0.45246067587526584,-46.35014809472812,1.3158027058627175,0.5574394148418094,0.7154943563846494,2.025,0.06505179061717659,1.6750254559761841,0.43999999999999995,1.0125,2.484825,-0.42676474186444824,0.2701211416003435,0.08999999999999986,,,,,,
1986-03-31,0.6411428255947427,-45.98093316558051,0.9273251636572999,0.4965217507225894,1.0745851015023788,1.9575,0.7934959245925244,0.015265908913031367,0.5249999999999999,0.875,2.189825,0.6236288572806172,0.6952444449607187,0.1625000000000001,,,,,,
1986-06-30,0.1613156952259387,-46.41212120523935,0.7658165428108932,0.37888400970276237,0.6830886186144802,1.73,0.317321186303543,0.11296587431249838,0.6499999999999999,,1.96265,-0.3175476133076181,-0.008976099552548966,0.3325,,,,,,
1986-09-30,0.6677676127775922,-46.00120239341271,0.8405847268429412,0.40794744280781003,0.6838061873416734,1.5525,1.583719973715536,-0.30463084397663875,0.7,,1.9356,-0.17164112615823235,0.3407552792202728,0.36250000000000004,,,,,,
1986-12-31,0.24933402603364296,-45.81298432444228,0.7946113332768678,0.5437323358371771,0.8101957862634457,1.5675,0.3838959112999252,0.5812405959250116,0.6624999999999999,0.875,1.914525,-0.7585976478973628,0.5004318923995443,0.30999999999999983,,,,,,
1987-03-31,0.4586041729532142,-44.87682283852712,-0.1933325805481001,0.633003536136556,0.6244728168216085,1.555,0.116989297887371,-2.283633386745593,0.5800000000000001,0.925,1.858575,-0.7730904015205513,0.7457942011217633,0.25749999999999984,,,,,,
1987-06-30,0.7894033695752256,-44.59540864103282,0.05436115372014494,0.690650735634879,0.9642972491362478,1.6625,1.338694513112726,0.7709500435734623,0.4812500000000002,,2.1111,1.3111288572806172,1.2991048465570199,0.1837500000000003,,,,,,
1987-09-30,0.5817875217997814,-44.24737056081019,0.265013707045858,0.7540720355810215,0.8912374980762472,1.71,1.0382387157634287,0.9696326362110486,0.4837499999999997,,2.235225,0.13833473963355833,1.1627772394252944,0.1962499999999996,,,,,,
1987-12-31,1.421212845888098,-43.94532365658669,0.37518965304297325,0.7935030411477584,1.0116102722403042,1.73,-0.0024237329030674104,-0.1731087668690956,0.55125,1.0,2.29495,0.2890700337512055,1.0472382078105968,0.25875000000000004,,,,,,
1988-03-31,0.2366840844581164,-44.016566671080476,0.940306926707668,0.7803772273523357,0.9608672347417802,1.6675,1.4778664543033004,-0.13221578260312894,0.5562499999999999,0.95,2.156,0.2596582690453231,0.907914815306976,0.25875000000000004,,,,,,
1988-06-30,1.0258051967101056,-43.8321105624921,0.22805297522282553,0.9686880470787251,1.2045500778232743,1.7875,0.5857052748114766,1.328055175934642,0.49875000000000025,,2.262075,-0.32122408389585344,0.8651481304994602,0.20625000000000027,,,,,,
1988-09-30,0.3055305120548413,-43.86891746997881,0.045134095805332564,1.1885552351047934,1.1455869367462235,1.995,0.64351949445276,-0.4930669631565576,0.4837500000000001,,2.289525,0.057452386692381875,0.6220458938577478,0.20625000000000027,,,,,,
1988-12-31,1.0457703759150005,-43.239141795761924,-0.11411597711452615,0.8613808455065985,1.1113600174830651,2.1175,0.9977630016524408,0.9794304935829834,0.38625,0.9624999999999999,2.22905,-0.1337240838958534,1.0753365652153013,0.13624999999999998,,,,,,
1989-03-31,0.7359136800712096,-42.75282803786011,-0.7504498092864909,1.0358486404583367,1.084589930569102,2.3625,0.29628447708540673,0.13365627243054623,0.37875000000000014,0.9375,2.26025,-0.7293123191899711,0.33532478127056287,0.14124999999999988,,,,,,
1989-06-30,0.48432685916627305,-43.00196784483324,-0.6444160142421829,1.059549464408427,0.9048087101580116,2.4325,0.47040223698235906,-0.5612979738843088,0.40749999999999975,,2.163175,-1.5087240838958536,-0.4514949124123202,0.1875,,,,,,
1989-09-30,0.4634822582355036,-43.030753722403624,0.176789127189092,0.7277614074792105,0.7425005968930698,2.27,0.5495897064053512,1.2361499511438334,0.44375000000000053,,2.0166,-0.37269467213114754,0.13846213555503972,0.21375000000000055,,,,,,
1989-12-31,-0.07700772546317403,-43.35704567640754,0.7159369907046575,0.7096183468422446,0.9105872425178241,2.1525,0.23621905503352636,-1.7342651375807483,0.47250000000000014,0.925,1.972525,-0.8056990971727251,-0.16287347100393257,0.24250000000000016,,,,,,
1990-03-31,0.8134323041336766,-42.49840822769111,0.8445383988162414,1.0734014211247533,1.1457895396165263,2.0625,0.9322479950470752,0.43791696253568657,0.4175,0.8625,2.0907,0.621837134711333,0.6779755393650277,0.18999999999999995,,,,,,
1990-06-30,0.09112824967328903,-43.160387689003414,0.8173272000689624,1.114019016411305,1.111234477618428,2.06,-0.17501124122527578,-2.9890799688339826,0.41125000000000034,,2.149825,0.302996555001188,0.28261723268357963,0.1837500000000003,,,,,,
1990-09-30,-0.20236595101028598,-43.95925884568362,0.4715824332040597,0.8536197073303775,1.005989161685239,2.04,0.5368446817616501,-1.336805991555795,0.4175,,2.17705,-0.8672933000712758,-0.34207826007921494,0.1625000000000001,,,,,,
1990-12-31,-1.1802537390592227,-44.52187356655352,0.022610333478295663,0.7409862823809732,0.8357060170743225,1.935,-0.457880840806979,-3.085485239223973,0.5312499999999996,0.9125000000000001,2.110825,-2.0122208363031597,-0.732437391660401,0.20374999999999943,,,,,,
1991-03-31,-0.733829075076986,-45.569224399588755,-0.3850528887256399,0.9754217445546054,0.8827884570166589,1.6075,-1.0923064785264947,-3.209110383400618,0.5225,0.8875,2.03685,-1.117293300071276,-0.4727163645488308,0.20500000000000007,,,,,,
1991-06-30,0.5144470598444362,-45.8760502968974,1.1650474240384123,0.7314717072963717,0.76795883243852,1.465,0.3733112434212149,-0.5171287925262502,0.4237499999999996,,2.07245,0.8754603231171301,0.030012608991014655,0.17124999999999968,,,,,,
1991-09-30,0.24515953072742347,-46.19427629736456,0.4156032921619812,0.7776112570239135,0.8964284623720786,1.4125,0.13745641629541172,-0.8195721377131315,0.4049999999999998,,2.034225,0.13995307674031837,0.019059286618072768,0.18249999999999966,,,,,,
1991-12-31,0.08954754177685764,-46.4356544193838,0.724745280394623,0.5928021523051719,0.7846058469664463,1.205,-0.18058944956136358,-0.7424238449852294,0.4500000000000002,0.875,1.917175,-0.3419309812306961,0.08951166106985209,0.2124999999999999,,,,,,
1992-03-31,0.9346797187352762,-46.45446791470584,2.203581287481388,0.37078500196310316,0.7610697492793861,1.005,1.8526133567404957,0.3100467877448887,0.41249999999999987,0.8,1.911275,3.161692207175101,1.4440935725014592,0.18249999999999988,,,,,,
1992-06-30,0.8248365774591093,-45.74366643762116,0.3187799262625024,0.5990501859044706,0.7034128464892042,0.9425,0.48666855201935366,2.5693987054192737,0.37250000000000005,0.85,1.920175,0.3236680327868853,0.5762755503773476,0.1599999999999997,,,,,,
1992-09-30,0.7310638932586877,-45.99628602498375,0.657793172839316,0.48734198438795673,0.591024218095626,0.815,0.9613866702394613,0.6422192322563636,0.41749999999999976,0.8125,1.788525,-0.12633196721311474,0.06413761335708479,0.23750000000000004,,,,,,
1992-12-31,0.7870265163311907,-46.179269759067374,-0.1414796842046817,0.6853793446754963,0.7299875991039428,0.7575,0.9430033140828797,2.2954649865911807,0.43374999999999986,0.775,1.79475,-0.09776053864168617,0.6866171549830158,0.22124999999999995,,,,,,
1993-03-31,-0.08375799234091597,-46.04053405027984,-1.29856760123222,0.5592880372113918,0.6865372573273909,0.76,0.1678710823016072,0.27200290611461564,0.43000000000000016,0.75,1.672775,-2.144189110070258,-0.5982041659424953,0.2625000000000002,,,,,,
1993-06-30,0.33224449114621635,-45.44369267887936,0.13529542096769598,0.5925640551060596,0.75624044564222,0.75,0.7342899146802084,1.281228138287152,0.42874999999999996,0.8,1.5914,-0.3129454739843193,0.9495621935431964,0.24624999999999986,,,,,,
1993-09-30,0.22643818912050362,-44.84779456080998,-0.5496433541901657,0.5934132773400158,0.5582190704736867,0.765,0.6983137677614826,0.9061146196417486,0.41249999999999987,0.7375,1.474475,-1.1535251841292469,-0.04948636852538657,0.22999999999999976,,,,,,
1993-12-31,1.1021081104058417,-44.66141746436676,0.18784568722895467,0.5438833889957806,0.5134888790067293,0.7475,0.6565395616048297,3.4560533802073885,0.3174999999999999,0.7375,1.4679,1.3537211926823476,1.6743014791822608,0.1399999999999999,,,,,,
1994-03-31,0.717111899555134,-44.21779527583135,-1.048562546103965,0.4765262853224428,0.45146803545268455,0.8025,0.7678999489524108,1.0000920657073058,0.2999999999999998,0.7375,1.57935,-1.1300476133076183,0.30358352037724856,0.12749999999999995,,,,,,
1994-06-30,1.0970912183669412,-43.684903496662486,0.34153367293325854,0.4813916775069593,0.6720307323567098,0.985,0.6016933340959651,1.596233559389701,0.2799999999999998,0.75,1.805775,0.05009944551591128,1.2919474617774651,0.11749999999999994,,,,,,
1994-09-30,0.3309733876596832,-43.40771069727727,-0.6009083228922019,0.5726440327500804,0.5570511301181469,1.1225,0.6496880713866782,0.4349850890887741,0.28,0.75,1.857475,-1.0050476133076183,0.6727214762668909,0.11250000000000004,,,,,,
1994-12-31,0.8864729643298874,-42.68719835922238,0.23597424295369596,0.5412025616473137,0.5050893961827896,1.2925,0.7513439832887991,1.9953806405607928,0.28000000000000025,0.75,1.958375,1.2709964521654027,0.9362781755189675,0.1200000000000001,,,,,,
1995-03-31,0.10029435426871514,-42.912081223677454,0.049478237094591204,0.539690988379693,0.5228168103302622,1.45,-0.05542525373536389,1.9256838162456407,0.28000000000000025,0.7,1.8721,-1.0275110105211647,0.16389221541276422,0.1299999999999999,,,,,,
1995-06-30,0.04023838204151309,-43.63713907917317,0.3368498602499381,0.4796172263493048,0.592642217315209,1.505,0.7144378165967025,-0.43584154571315176,0.3025000000000002,0.7125,1.667275,-0.49019757768534383,0.3230157297578695,0.16000000000000014,,,,,,
1995-09-30,0.5859069150634166,-43.65375917680717,0.060424216121784946,0.49121001591414526,0.4756076300482803,1.45,0.5586358992191398,0.9411257903704395,0.3200000000000003,0.675,1.607325,0.14413078052361145,0.9638766105100283,0.16500000000000004,,,,,,
1995-12-31,0.4120345286688809,-43.689402526329225,0.3321728824446757,0.480520495039638,0.4999577118216969,1.43,0.38822241984455275,1.1545154909805608,0.33499999999999996,0.625,1.4936,-0.1879587717151945,0.3854095112194478,0.1725000000000001,,,,,,
1996-03-31,0.47538585691103696,-44.28786791159502,0.6116382556629552,0.4809722411981632,0.3928756612952,1.3425,0.7199697674724392,1.633310173326262,0.3325,0.625,1.5096,0.5172651088818204,0.838046984452101,0.16749999999999998,,,,,,
1996-06-30,1.3797359506687812,-43.391709454096286,0.5075221666191954,0.4129714388598771,0.4731140464125261,1.31,1.0493171894174536,2.191853715134777,0.30000000000000027,0.625,1.700175,0.8680113775385369,1.1696738280780217,0.12750000000000017,,,,,,
1996-09-30,0.6126254753919702,-42.64081264186869,0.4386783789375459,0.32669716644804225,0.4564506126165213,1.3275,0.42210050033573143,1.912633058823427,0.2999999999999998,0.625,1.698525,0.16146609538002982,0.6379429429301253,0.125,,,,,,
1996-12-31,0.7466250207245007,-42.43919348927659,0.03447510696087397,0.5335378510147315,0.5679751435909708,1.32,0.6539381673021927,0.7227589596505484,0.3025,0.625,1.5985,0.03267821659215108,0.9421194856325643,0.13000000000000012,,,,,,
1997-03-31,0.3515522913997926,-42.219573323909536,0.5531587445457287,0.5941482543533994,0.39203222931103454,1.32,0.6026510632701987,0.98178606080945,0.29000000000000004,0.625,1.649225,-0.7400490561351217,0.8066166680367637,0.1299999999999999,,,,,,
1997-06-30,1.349554484617277,-41.57310137290458,0.7066005777989409,0.20220545564795245,0.5198992658367096,1.38,0.19811820878397057,1.4616494964204803,0.2925,0.5875,1.684675,1.1652539741679087,0.9862948437844632,0.13750000000000018,,,,,,
1997-09-30,0.9385508985136348,-41.11812951871989,0.5703429430737733,0.43269169069199975,0.23249516420733585,1.3825,1.2170704677010535,2.8894084616752576,0.2925,0.625,1.57995,0.9569206408345754,1.2813763000117162,0.14500000000000002,,,,,,
1997-12-31,0.5432852308893898,-41.00439452302256,1.4659266785887914,0.3279722891956993,0.31687173897489984,1.3775,0.8617846007943464,-0.02758497847619619,0.30500000000000016,0.5375,1.493775,0.15905615365793982,1.0335759612438378,0.16500000000000004,,,,,,
1998-03-31,0.6766866456731413,-41.3995689246539,1.531065061304762,0.1455691810705595,0.29407442393196703,1.38,0.5495304826682701,2.0782985812786667,0.32499999999999996,0.525,1.42355,0.289653168583313,0.7205854691547664,0.17999999999999994,,,,,,
1998-06-30,0.5960068729233714,-41.651264468789236,1.0135208772402455,0.23593247549644758,0.3059966154593141,1.375,1.3652641563178691,2.57511401948495,0.3274999999999999,0.5,1.426425,0.1105486909713727,1.0742343421852651,0.17499999999999982,,,,,,
1998-09-30,0.9122666165635285,-41.748544422374,1.1899559841894725,0.4291139350750761,0.35475510636926444,1.3825,0.842314408271938,1.076714788597541,0.3799999999999999,0.5,1.331925,0.9508347396335585,1.0276540999308859,0.21999999999999997,,,,,,
1998-12-31,1.26327718121243,-41.247138354651774,0.28509621820929365,0.27536191724397696,0.3166833590007023,1.215,1.0801939449562092,2.1727537803203303,0.4675,0.5,1.23705,-0.1962240838958534,0.6152385273389127,0.23750000000000004,,,,,,
1999-03-31,0.5960614933788189,-41.393560268797614,1.3853096229846762,0.3760717516294143,0.32454389541234363,1.1825,0.5034141259377845,1.144706064349328,0.43500000000000005,0.44999999999999996,1.336425,1.4839229749276763,0.9670201822854052,0.18999999999999995,,,,,,
1999-06-30,0.41580397164646676,-41.831575713916536,0.050631711446488814,0.3615404228665575,0.32223239967725803,1.1875,1.279486275487085,1.7189578990427945,0.4125000000000001,0.5,1.4569,-0.9756358486017359,0.2504270457526103,0.20999999999999996,,,,,,
1999-09-30,0.9440863755587281,-41.62983067232655,0.5298799969673057,0.341929942805308,0.3438312192774795,1.275,0.9522944910204667,1.4832475248941352,0.4249999999999998,0.5,1.55485,0.12730532786885254,0.6018164985034602,0.23249999999999993,,,,,,
1999-12-31,1.3255525158523407,-41.4643501748498,1.4549308145777458,0.5360824133966879,0.4503523239034912,1.325,1.1478167710191056,-0.05609664532168768,0.4075,0.5,1.612625,1.094217092574735,1.2176790567379303,0.21999999999999997,,,,,,
2000-03-31,-0.000982631393542377,-40.09656693096223,2.7933384265015264,0.6780390145592285,0.5467222844991682,1.42,1.3152086963983067,2.4110681156856355,0.43500000000000005,0.5,1.6444,0.5240110477548112,1.7009919813721686,0.28,,,,,,
2000-06-30,1.450066874793604,-40.51172812650578,-0.357302447490529,0.6041458273619682,0.31816683356860054,1.5675,0.44183483799813406,1.6266094862852603,0.5625,0.5,1.578975,0.9769095984794489,0.18568937962940568,0.35749999999999993,,,,,,
2000-09-30,-0.2306003577459248,-41.05946885440835,1.3616234954195574,0.5685980972804039,0.4506575578440142,1.63,0.6636888961734755,-0.0598510993471052,0.5550000000000002,0.5,1.5056,-0.9470034449988122,0.43364259008946693,0.37750000000000017,,,,,,
2000-12-31,0.25886931648335665,-41.24225496223939,0.029226000189527812,0.5272822853831016,0.47937489748379747,1.6175,0.5193049927827764,-0.38414177164404206,0.5800000000000003,0.5,1.42855,0.1580690187693039,-0.5329686294206548,0.37750000000000017,,,,,,
2001-03-31,-0.6456496525026001,-41.61688429013226,1.6212224071166168,0.6091440821610838,0.5749220570161029,1.4,0.10691957419202147,-1.5134592800827158,0.5725,0.5,1.326375,-1.0738150392017105,0.8189943601288885,0.37250000000000005,,,,,,
2001-06-30,0.2252417538333107,-42.7311996665176,-0.20019570399310294,0.6029460574437984,0.3782060482631522,1.0825,-0.2561630908544221,-1.8321471434782688,0.5499999999999998,0.5,1.388075,0.38995307674031837,-0.4942787178742858,0.345,,,,,,
2001-09-30,-0.7713430395175247,-43.65017068962148,-0.2649169407510407,0.4020370253937422,0.26875361998852654,0.875,-0.3555305853501278,-1.2401531940998578,0.5825,0.5,1.33205,-1.225988952245189,-0.8207083408239613,0.37250000000000005,,,,,,
2001-12-31,-0.0790249203396931,-44.658589957019885,0.5881490598874037,0.32944025003480704,0.5051464094408153,0.5325,0.8652621564004814,-2.9396919500323277,0.6099999999999999,0.5125,1.2945,-0.04120634354953668,-0.8768417347590152,0.3599999999999999,,,,,,
2002-03-31,0.5216155313627624,-45.095901592169724,0.1233257345206129,0.32960023868646715,0.2907838124205142,0.4325,-0.1886361524851221,-1.6435848547686718,0.5549999999999999,0.5,1.37605,1.8552465043394408,0.7735140310113686,0.21999999999999997,,,,,,
2002-06-30,0.2596540714332629,-44.9583404643835,0.5089327560160062,0.35697944376007484,0.5706578033120024,0.4375,0.5686700791241894,-0.7152501254517829,0.5625,0.5,1.367825,-0.11166526036644166,0.4966417486332364,0.2350000000000001,,,,,,
2002-09-30,0.10131653522006401,-44.972598428620316,0.0458235028054213,0.4604520063158368,0.49949915048186355,0.435,0.4081239879163978,-1.0296863558631326,0.6099999999999999,0.5,1.17215,-0.03870504037191091,-0.22563343102572908,0.2899999999999998,,,,,,
2002-12-31,-0.1829591600045144,-45.719247983048206,-0.3026917162401138,0.5649454994339997,0.3498337694430198,0.36,0.12958963024732872,-0.8103897917414213,0.645,0.48750000000000004,1.111375,-0.14691399559579152,0.3466883522804387,0.31500000000000017,,,,,,
2003-03-31,0.2196242303090734,-45.77161251075479,0.16928572186400287,0.45332710409295984,0.2396546325468485,0.3125,0.385546237265344,0.4933727731740667,0.5549999999999999,0.5,1.0776,0.3680113775385369,-0.17917863644807963,0.2749999999999999,,,,,,
2003-06-30,0.5270055163786036,-46.24441155057308,1.426965243588918,0.29338207554081563,0.294627698677008,0.3125,0.5191080369116308,1.663340869944288,0.47,0.5,0.985525,1.118011377538537,0.5320756030387175,0.17999999999999994,,,,,,
2003-09-30,1.3582695841804215,-46.651152040947004,0.9284412737825098,0.5406794681818816,0.4091431988109129,0.255,1.2058906012585302,2.365537567423069,0.4099999999999999,0.5,1.143625,1.4687576461952534,0.6790645354739278,0.13250000000000006,,,,,,
2003-12-31,0.8204391804897682,-46.14624821379119,0.8048471955369632,0.5894672701309389,0.40981979516203637,0.25,0.22256886242397744,1.559068091601927,0.375,0.5,1.1486,0.2637388226527571,0.4503817284310263,0.125,,,,,,
2004-03-31,0.2162260481948286,-46.3066555194984,-0.9275495335846956,0.7412275511224031,0.6145094515479066,0.25,0.6534573357910078,-0.43621419925544136,0.345,0.5,1.0719,-0.0014126924987580467,0.5414849733083482,0.14250000000000007,,,,,,
2004-06-30,0.4465605584428378,-46.32120379734609,1.105255125332704,0.8127228023935729,0.5841280551601713,0.2525,0.17813389400224144,2.62673962413186,0.32499999999999996,0.5,1.221425,0.7788903378042723,0.9238885114062956,0.14249999999999985,,,,,,
2004-09-30,0.6328616644195817,-46.17198112247671,1.1077338109973836,0.6510992569919161,0.37099790020684864,0.3575,0.6433024773867091,1.9888898216372937,0.345,0.5,1.138875,0.8129812468951815,0.8345754915134729,0.14249999999999985,,,,,,
2004-12-31,0.6922797148830262,-45.82959277437095,-0.33583262135699343,0.7682976047823864,0.5395872431391169,0.4875,0.8590087332099094,1.7220813418587277,0.33000000000000007,0.5,1.09625,-0.31681904161412355,0.22656454250442049,0.15500000000000003,,,,,,
2005-03-31,0.8001916072258197,-46.141997031035196,-0.09514523325222096,0.7890664579014661,0.6963410351530364,0.6175,0.05966013130526138,1.7008929571537157,0.3025,0.48750000000000004,1.106875,0.39087326607818407,0.7338030136427864,0.14000000000000012,,,,,,
2005-06-30,0.16364819975272504,-45.660016353536946,-0.11155109252312181,0.6978636868494981,0.4581453726880902,0.735,0.7314488598525126,1.6568757935236071,0.355,0.5,1.062525,-0.49755058913934425,0.5232236063019036,0.15000000000000013,,,,,,
2005-09-30,0.5939101667275515,-45.41683691345885,0.34076855654308,0.9005719439941551,0.3735994382830121,0.865,0.8360181456880666,1.6691119685293159,0.36750000000000016,0.5,1.07055,0.5180744108606556,0.44301926744653164,0.14500000000000002,,,,,,
2005-12-31,0.34084798875527733,-45.19003983119113,-0.18015960203318845,0.8010390477404705,0.6476524201061373,0.995,-0.01462701178941428,0.49133306203496263,0.39250000000000007,0.5,1.14385,0.3635994015092376,1.2901897628935288,0.15250000000000008,,,,,,
2006-03-31,1.0355676960650761,-44.88170932751185,1.2802449888705825,0.6959644299256773,0.563135783958657,1.1125,0.6355972841589397,1.818379466536288,0.38749999999999996,0.5,1.157975,1.0024882903981265,1.409354156178122,0.15749999999999997,,,,,,
2006-06-30,-0.04722993823337851,-44.43691370678007,-0.7627360732935302,0.8325977500207138,0.7097435569280108,1.2275,0.19215804391194968,-1.0297468679800277,0.36250000000000004,0.5,1.278875,-1.0490990111891751,-0.09798741413668544,0.1499999999999999,,,,,,
2006-09-30,-0.12251226806910265,-44.67741787696164,-0.5405906090486668,0.6976011610090538,0.5372909646448321,1.3125,0.34987957648447976,-1.0913608762882387,0.375,0.5,1.230875,-1.1086228207129845,0.16529385404223107,0.14749999999999996,,,,,,
2006-12-31,0.575590019232608,-43.92470565744047,1.3779886996707187,0.36845862883918556,0.4279834679540073,1.31,0.1539431389147472,-0.5930934219022466,0.36250000000000004,0.5,1.165425,0.09772638563622173,0.06987677868257047,0.1399999999999999,,,,,,
2007-03-31,-0.03348222111745902,-44.12567262196737,1.4382282940439781,0.9785146259009281,0.7219774075435836,1.3125,0.25039694960815595,-0.8299028039561812,0.34999999999999987,0.4625,1.1799,-0.7983318391393441,-0.31905337522802335,0.11499999999999999,,,,,,
2007-06-30,0.3075802607094391,-44.58382946840291,-0.7002884719243186,0.6445359225887515,0.37098931215533426,1.3125,0.08589563865951666,-0.3772474108429291,0.355,0.475,1.22215,-0.5561443391393442,-0.003233099902122394,0.12749999999999995,,,,,,
2007-09-30,0.2833168761941729,-44.779175828176676,-0.11924033148596885,0.5133009968099067,0.4885588593909418,1.2675,0.35141352569540985,-1.3743133814907078,0.405,0.475,1.20965,-1.3178630891393441,-1.0405353073593693,0.18500000000000005,,,,,,
2007-12-31,0.35118949901249974,-44.81008766493949,0.6958188345620332,0.39694330872697137,0.6473630001401887,1.125,0.6106107951181827,-1.632127597614816,0.46499999999999986,0.475,1.113225,-0.42451134930643125,-0.3740827158464799,0.21999999999999997,,,,,,
2008-03-31,-0.8270219543338952,-45.40083260454546,0.6198683895666319,0.36863635731876343,0.5535494206437619,0.795,-0.047948366974504,-1.96296423958279,0.5874999999999999,0.5,0.995075,-2.224511349306431,-0.22004330633152436,0.2649999999999999,,,,,,
2008-06-30,0.26785055173167427,-45.840396718877756,-0.37789851821168513,0.5344611317350534,0.4782684965156214,0.52,0.4041316545935536,-1.4632070312990852,0.6000000000000001,0.5,1.046675,-0.3347460258320914,-0.4583271560350044,0.25249999999999995,,,,,,
2008-09-30,-0.7866710096839702,-46.83236357738538,0.21270978149043362,0.7420004363198451,0.4685885214769314,0.485,-0.7061077136915617,-2.9079327904415364,0.6799999999999999,0.5,1.036825,-0.9360498108448927,-0.6470122523044686,0.29000000000000004,,,,,,
2008-12-31,-2.429475226128802,-48.486821216203424,0.6879183152997885,0.31211143242870776,0.04652687539650202,0.1275,-3.0010729089449684,-6.449650279133107,1.2174999999999998,0.5,0.97315,-3.224511349306431,-2.3612631492595515,0.4625,0.0665,0.0865,0.119625,0.168375,0.1865,0.31525
2009-03-31,-1.3692582640138284,-51.14132897342726,-2.6113021563688545,-0.010528421483524397,0.0919326526028108,0.045,-1.0583934800367012,-9.241621285741761,1.1300000000000003,0.475,0.840375,-1.4858318391393441,-1.8921154764581227,0.3949999999999999,0.05375,0.06775,0.086625,0.150875,0.19975,0.32325
2009-06-30,-0.3836798690367682,-52.833375265435066,2.6126394920267604,-0.14540552784740868,0.4499883767514312,0.045,-0.0515711524665563,-5.122329730795331,0.9475,0.5,0.95095,1.4907306608606559,0.186822030051087,0.32999999999999985,0.05025,0.07425,0.134625,0.215875,0.320625,0.426875
2009-09-30,0.12495166306957795,-53.41291851670182,0.4691433717474789,0.10538741385150985,0.3537188739473507,0.0375,1.0317387825895308,-1.0372148648747983,0.595,0.5,0.991875,1.3001073380171742,0.15802070766275378,0.24749999999999983,0.037,0.0655,0.11125,0.18725,0.274,0.372
2009-12-31,0.8537700093839695,-54.09599981597558,0.27378005636432295,0.33754507671579503,0.6214800736300319,0.03,0.04523942902627809,-0.31400698794922105,0.5150000000000001,0.43999999999999995,0.960725,1.8001073380171742,1.047466342276654,0.23250000000000015,0.036,0.049,0.0845,0.1505,0.22875,0.33025
2010-03-31,0.14473921162349024,-54.175308120679475,-0.8862954054787385,0.25162784956132,0.29009185784083513,0.0325,0.3428556232489055,-1.0485349631249252,0.44999999999999996,0.47250000000000003,1.00955,-0.045858672659968236,0.24507580395490836,0.19999999999999996,0.058125,0.074375,0.11275,0.16975,0.23875,0.32425
2010-06-30,0.676347476672956,-53.35789188516482,0.5896035408615807,0.4638488900828186,0.22297478216168898,0.0475,0.2003150091641981,2.797296331731859,0.4949999999999999,0.475,0.941375,0.9902747917226553,0.904482519298011,0.20999999999999996,0.04825,0.0485,0.05325,0.087,0.11175,0.15375
2010-09-30,0.4919003593828464,-53.221512990649046,0.10783918674152843,0.2903756626225551,0.13354661363340625,0.0475,0.33926683817825376,0.010163117239600505,0.545,0.44999999999999996,0.7533,1.2525698736898685,1.3169505308575635,0.245,0.0435,0.04425,0.04425,0.0495,0.0585,0.0705
2010-12-31,0.2554793160703617,-53.59828901408121,-0.024539604637501423,0.5606668053802721,0.2727499831221891,0.0475,0.4569324313384082,1.4079422180597545,0.5175000000000001,0.42500000000000004,0.77455,-0.5302170115560333,0.010033241645585056,0.2550000000000001,0.0405,0.03825,0.051375,0.070375,0.10575,0.15875
2011-03-31,-0.4892842879848702,-53.65035079976135,1.2640362545102675,0.5359566749611133,0.4734759859135629,0.0375,0.5108881818857047,-0.657566845931426,0.4424999999999999,0.44999999999999996,0.9214,-1.2998909307244844,-0.19220376529499594,0.2024999999999999,0.028,0.04,0.05725,0.08475,0.131875,0.201875
2011-06-30,0.46110047758766703,-53.529442653746784,-1.3169052384765698,0.6546986833892987,0.5836054611257246,0.0225,0.29540528424545354,1.925206754912101,0.44499999999999984,0.475,0.855625,-0.017632866208355354,0.5004427121046151,0.24249999999999994,0.03225,0.03575,0.044125,0.053375,0.0695,0.07925
2011-09-30,-0.2808952017810784,-53.53148064024605,0.08218778412259452,0.6423231143670272,0.4807016079956483,0.02,-0.020974359740411064,3.416937850359879,0.53,0.475,0.6471,-1.2353748016922264,0.13283981970914072,0.28,0.0205,0.026,0.03075,0.03525,0.02625,0.0285
2011-12-31,0.8948663259639222,-52.90945307762992,-1.5028473268655054,0.1520866578587743,0.370151068867397,0.0175,0.11470963068883622,2.347987658437404,0.625,0.5,0.54115,1.0066682343456061,0.6360049024146552,0.29500000000000004,0.024,0.025,0.026,0.027,0.031125,0.031125
2012-03-31,0.5213646350093137,-52.37081386560855,1.7070922158937074,0.6231619525674859,0.654793971527301,0.025,0.6017314517889338,2.6917775257756635,0.6000000000000001,0.44999999999999996,0.533375,1.5107665950013438,1.81783483101981,0.275,0.036,0.038,0.039625,0.040875,0.04425,0.04725
2012-06-30,0.16793589766121442,-52.39292367611126,0.1355257754347756,0.39490990011570304,0.41146126593680776,0.0375,-0.26832177830573567,1.6485660957596244,0.635,0.495,0.470275,-0.8048071754904595,0.10936828227689488,0.3125,0.034,0.03125,0.033,0.03275,0.034,0.036
2012-09-30,-0.1267887293845693,-52.390026819787586,-0.4307262501430055,0.5121598887447121,0.2840229127496485,0.035,-0.32458019544048256,-0.2165405692909718,0.625,0.4625,0.4213,-1.3375940607363612,-0.8178828112217706,0.27249999999999996,0.038875,0.034125,0.0365,0.0385,0.042,0.047
2012-12-31,-0.14835907670039394,-52.07681809903906,2.111856608361382,0.5095501714779793,0.4404371625836845,0.04,0.23427716577427704,1.1570321618121124,0.5275000000000001,0.44999999999999996,0.43445,-0.40316783122816446,0.6863326265729885,0.27,0.03275,0.03375,0.035875,0.040125,0.0475,0.0575
2013-03-31,0.6190528230632653,-52.36873241278055,-1.8427995568498179,0.398264807465587,0.3959300834319279,0.035,0.21165272423517845,1.1022614307939222,0.5149999999999999,0.44999999999999996,0.502575,-0.00562684762160707,-0.1526271739832219,0.2825,0.02825,0.03275,0.030875,0.030625,0.03375,0.041
2013-06-30,-0.1390493588663,-52.271670777679965,0.43312899263023075,0.2882956037368878,0.30949827684754183,0.03,-0.4045941597746183,0.630389904978558,0.515,0.44999999999999996,0.5126,-0.5179219295888202,0.3340728218668543,0.29500000000000004,0.02675,0.03125,0.0365,0.046,0.0545,0.07425
2013-09-30,0.5185045430637414,-52.48558954743926,-0.7366705191063263,0.47898040420317756,0.3852847839118212,0.0225,0.06837326347144401,1.3311915252069941,0.4900000000000001,0.4275,0.713125,-0.3293973394248858,-0.1854873864018447,0.26749999999999996,0.022,0.026,0.031125,0.036875,0.05025,0.061
2013-12-31,0.5348388198587628,-52.7954951219757,0.1379807283076828,0.5860070087395641,0.47585731685204635,0.0225,0.41788664568112033,1.1338524549752858,0.4650000000000001,0.44999999999999996,0.725,0.29355348024724537,0.4422637694751208,0.27249999999999996,0.02025,0.02275,0.027125,0.033375,0.0465,0.072
2014-03-31,-0.5429824997448096,-52.630547090472426,1.506171246685055,0.4088512124927668,0.32834333528724,0.0175,0.1916221905051807,1.042750360444218,0.42500000000000004,0.44999999999999996,0.726375,-1.853987503359312,0.2556272133686588,0.2550000000000001,0.02325,0.02625,0.03375,0.04525,0.07775,0.12225
2014-06-30,1.0866012845789863,-51.87973210474195,-1.0028659314115922,0.5570397403921845,0.4681706615806469,0.0225,0.7512892555056827,2.197652924358706,0.41000000000000003,0.4375,0.6828,1.9574879064767539,1.2180955421507489,0.2599999999999999,0.024,0.02975,0.044125,0.085625,0.142125,0.195625
2014-09-30,0.9578364627686409,-51.687110787681476,0.23997643477875816,0.4289804090469751,0.36928844980179676,0.0225,0.6533641728983963,1.8107964647489205,0.4325000000000001,0.42500000000000004,0.649275,0.6296190540177371,0.9911863935432974,0.2775000000000001,0.024375,0.025875,0.043875,0.082375,0.136625,0.190875
2014-12-31,0.30787589548259,-51.023514345687424,0.8840633219863723,0.15955405153418312,0.27342087591870623,0.025,0.6652467300921283,1.022136397327908,0.5125000000000001,0.42500000000000004,0.591425,-0.5507088148347219,0.5892372311084637,0.2975,0.03325,0.0429,0.0656,0.10225,0.13975,0.17875
2015-03-31,0.5300931945400322,-50.85228885261163,1.31733381731138,-0.0316983092086609,0.18218716330586915,0.0275,0.17100112808968726,0.20786087164682554,0.545,0.4,0.513,0.28945511959150766,0.36881272019915756,0.3125,0.034375,0.056375,0.091125,0.133625,0.18325,0.2265
2015-06-30,0.4912464896283941,-51.28321312975582,0.23139319346638132,0.5604402377830553,0.42573498672862087,0.0325,0.4769263075798058,-0.0159183271479596,0.5525,0.41000000000000003,0.566025,-0.2802170115560333,0.0750686267301015,0.31999999999999995,0.045,0.0755,0.110875,0.138125,0.2005,0.24225
2015-09-30,0.08553291473576419,-51.075003180014264,-0.021972734840005823,0.3557076651496516,0.3379497441136081,0.0325,0.44137660244453203,0.3188008729063524,0.6475000000000001,0.4125,0.576075,-0.9236596345068528,-0.045149305193809,0.36,0.04875,0.0815,0.110875,0.142875,0.17475,0.21675
2015-12-31,-0.20779059647580422,-50.86900857977218,-0.04179554793310794,0.0009519412461855836,0.24723307377989556,0.04,0.12264419769238977,-1.0223999190211135,0.705,0.4125,0.5702,-1.702348159097017,-0.06913444193314411,0.34750000000000003,0.09525,0.112,0.11885,0.1339,0.1525,0.1585
2016-03-31,0.2666021142743058,-50.5480491255698,0.07779066618666466,-0.10286205011906802,0.411967606258834,0.09,0.6865169365790069,0.15253340904304857,0.7474999999999999,0.405,0.500325,0.28125839828003224,0.28517143251421406,0.4025000000000001,0.0965,0.1165,0.1365,0.144,0.169,0.18095
2016-06-30,0.23826888956590686,-50.64068850418042,-0.3304678725761564,0.6799710906561174,0.4972330992502272,0.0925,0.3963214224290246,0.10188226834578207,0.63,0.42500000000000004,0.452825,-1.8603748016922264,-0.6711081233411076,0.36,0.10135,0.1124,0.119475,0.124075,0.1287,0.13535
2016-09-30,0.3145041319561226,-50.4764633895367,0.0942247860602801,0.36466738569638224,0.4863116883705665,0.0975,0.460532518859913,0.5366564413918584,0.5874999999999999,0.4125,0.402425,0.23639939185616082,0.2722819699496226,0.3575,0.12575,0.15215,0.1664,0.1772,0.188125,0.199575
2016-12-31,0.2805946311482954,-50.45594112730587,0.579557112711742,0.47790715342186374,0.35944086111427964,0.1125,0.3668361940256881,0.30359362448037774,0.5299999999999999,0.43000000000000005,0.554175,-0.005536092014806956,0.11826676821621862,0.3225,0.172925,0.206975,0.2393,0.2648,0.315125,0.332225
2017-03-31,0.34916891744005696,-50.38970109707223,0.5870322211883421,0.47469999116280803,0.41414507507440135,0.175,0.4187390121404899,1.5815878567271902,0.4700000000000001,0.44999999999999996,0.630325,0.03478648863035437,0.7251871931746423,0.29500000000000004,0.24815,0.28565,0.310625,0.329075,0.339,0.3832
2017-06-30,0.3218741219711885,-49.856993103789044,0.1988288507294135,0.32918540093707094,0.3269239950094871,0.2375,0.2809832098633058,0.7131231574762448,0.46499999999999997,0.44999999999999996,0.5795,-0.19505222104706502,0.4383359249826191,0.2899999999999999,0.29025,0.3072,0.3258,0.34395,0.355925,0.361975
2017-09-30,0.5804579497021178,-49.94590577754637,0.5303164683019668,0.5218598182293199,0.3657057827071597,0.2875,0.2699951721404248,0.13678910073642858,0.4375,0.4375,0.5715,-0.11655932864949257,-0.0056513863761820105,0.26749999999999996,0.31835,0.3619,0.3885,0.41025,0.426,0.4275
2017-12-31,0.6690596119566294,-49.82234832546529,0.5749705573544415,0.6830186323406373,0.5377698337739822,0.3,0.9060251018719878,1.5097593698345153,0.41249999999999987,0.42500000000000004,0.59945,-0.21973393182409576,0.4661815723506102,0.235,0.38175,0.4355,0.48175,0.5212,0.529175,0.565875
2018-03-31,0.4321685970137268,-49.31804590636119,0.43078489742529036,0.5888088622098664,0.5660531176963524,0.3625,0.2531553971644396,1.3758196439092485,0.3899999999999999,0.4375,0.694525,0.185027972937809,0.9398007799244712,0.20999999999999996,0.459225,0.509775,0.557325,0.592075,0.6216,0.64565
2018-06-30,0.6697865078377274,-48.80293967799213,-0.712272055689786,0.8432183127316861,0.5255016914058608,0.435,0.49224528243229093,0.9602813086404344,0.44500000000000006,0.44999999999999996,0.73095,-0.3308450429352069,-0.015642441544994057,0.235,0.502925,0.565675,0.60945,0.65425,0.672075,0.688025
2018-09-30,0.5323983152962231,-48.80269291447753,0.3879357672592787,0.4397242074998253,0.3902790123276212,0.4825,0.6165470080910396,0.07196305337182352,0.4524999999999999,0.42500000000000004,0.730425,-0.04513075722092112,0.6186282820782429,0.22750000000000004,0.574725,0.622675,0.672725,0.704175,0.7157,0.72295
2018-12-31,0.08524084758638195,-48.79146219226184,-0.13070256893844417,0.4404956159478779,0.43126165378319925,0.555,0.061962565109785483,0.1633454836017012,0.49249999999999994,0.4275,0.759575,-0.8427498048399686,0.008058829951240742,0.24,0.6015,0.602,0.60295,0.59695,0.5841,0.542
2019-03-31,0.5807750691994518,-48.90934966583849,2.1407770726555344,0.19485569338542064,0.2618346160335072,0.6,0.005485668046367742,0.8546955014737706,0.5299999999999999,0.42500000000000004,0.66165,1.0937581316679676,0.6167230769153098,0.245,0.5979,0.5866,0.56885,0.55265,0.489,0.547
2019-06-30,0.31971713634006416,-49.28898958967308,0.038017864864153816,0.6393626387015239,0.46060643877039453,0.6,0.883951277945394,-0.6929088338306716,0.5049999999999999,0.42500000000000004,0.587875,-0.311003773093937,0.03809634782634963,0.25249999999999995,0.51825,0.46025,0.42775,0.40475,0.3065,0.4355
2019-09-30,0.34362953542348973,-48.86168168573128,-0.4383564412136193,0.4233902398570244,0.5219092375551959,0.5475,0.5445102742891339,-0.5212192382113678,0.4849999999999999,0.42500000000000004,0.451875,-0.7514799635701275,0.12870324412496137,0.255,0.3855,0.352,0.32975,0.31575,0.29325,0.29025
2019-12-31,0.3520277265109506,-48.542013156977546,0.5037904306559358,0.3358339406494437,0.3191416201830499,0.4125,0.282226765311,-0.43762265671262457,0.4525,0.42500000000000004,0.45275,-0.12052758261774654,0.5922925150807334,0.23249999999999993,0.38775,0.34925,0.3145,0.2815,0.263875,0.254125
2020-03-31,-1.4683766426195177,-49.27157490414627,0.6273267267311797,0.39728837084833657,0.40858075225802537,0.3125,-2.0062877517346145,-0.8635401456928093,0.545,0.42500000000000004,0.351,-1.9895752016653658,-1.2547197935288468,0.30000000000000004,0.01125,0.01075,0.01025,0.01075,0.01325,0.01725
